{
  "timestamp": "2025-08-27T20:28:08.076720",
  "pages": {
    "/": {
      "endpoint": "/",
      "avg_time": 0.16649444103240968,
      "median_time": 0.16633427143096924,
      "min_time": 0.1571216583251953,
      "max_time": 0.17578697204589844,
      "avg_size": 24272,
      "total_requests": 10,
      "successful_requests": 10
    },
    "/week": {
      "endpoint": "/week",
      "avg_time": 0.08023591041564941,
      "median_time": 0.0793161392211914,
      "min_time": 0.07220840454101562,
      "max_time": 0.0910038948059082,
      "avg_size": 28695,
      "total_requests": 10,
      "successful_requests": 10
    },
    "/month": {
      "endpoint": "/month",
      "avg_time": 0.2723557710647583,
      "median_time": 0.2350372076034546,
      "min_time": 0.2253890037536621,
      "max_time": 0.6004540920257568,
      "avg_size": 22775,
      "total_requests": 10,
      "successful_requests": 10
    },
    "/kiosk/single": {
      "endpoint": "/kiosk/single",
      "avg_time": 0.0593508243560791,
      "median_time": 0.05789685249328613,
      "min_time": 0.05473828315734863,
      "max_time": 0.06523776054382324,
      "avg_size": 9510,
      "total_requests": 10,
      "successful_requests": 10
    },
    "/kiosk/triple": {
      "endpoint": "/kiosk/triple",
      "avg_time": 0.23057167530059813,
      "median_time": 0.2286205291748047,
      "min_time": 0.21555280685424805,
      "max_time": 0.24706745147705078,
      "avg_size": 55740,
      "total_requests": 10,
      "successful_requests": 10
    },
    "/qr": {
      "endpoint": "/qr",
      "avg_time": 0.03880789279937744,
      "median_time": 0.039933204650878906,
      "min_time": 0.025537967681884766,
      "max_time": 0.048807382583618164,
      "avg_size": 822,
      "total_requests": 10,
      "successful_requests": 10
    },
    "/qr.svg": {
      "endpoint": "/qr.svg",
      "avg_time": 0.010923147201538086,
      "median_time": 0.010532021522521973,
      "min_time": 0.009460926055908203,
      "max_time": 0.015081167221069336,
      "avg_size": 5226,
      "total_requests": 10,
      "successful_requests": 10
    },
    "/healthz": {
      "endpoint": "/healthz",
      "avg_time": 0.006801247596740723,
      "median_time": 0.006608486175537109,
      "min_time": 0.005483865737915039,
      "max_time": 0.008327007293701172,
      "avg_size": 57,
      "total_requests": 10,
      "successful_requests": 10
    }
  },
  "assets": {
    "css": {
      "count": 18,
      "total_size": 304702,
      "files": [
        {
          "name": "design-system.css",
          "size": 32689
        },
        {
          "name": "enhanced-ui.css",
          "size": 17934
        },
        {
          "name": "help-system.css",
          "size": 10836
        },
        {
          "name": "kiosk-enhanced.css",
          "size": 23891
        },
        {
          "name": "kiosk-mobile-zoom-fixes.css",
          "size": 17796
        },
        {
          "name": "kiosk-responsive.css",
          "size": 5679
        },
        {
          "name": "kiosk-rotation.css",
          "size": 12864
        },
        {
          "name": "legal-compliance.css",
          "size": 13252
        },
        {
          "name": "minimal.css",
          "size": 3203
        },
        {
          "name": "modern-medical-design.css",
          "size": 18269
        },
        {
          "name": "setup-wizard.css",
          "size": 27940
        },
        {
          "name": "status-enhancements.css",
          "size": 3359
        },
        {
          "name": "thai-components-library.css",
          "size": 26265
        },
        {
          "name": "thai-medical-design-system-v2.css",
          "size": 41010
        },
        {
          "name": "theme-system.css",
          "size": 13698
        },
        {
          "name": "themes.css",
          "size": 3555
        },
        {
          "name": "ui-components.css",
          "size": 21623
        },
        {
          "name": "ui-ux-fixes.css",
          "size": 10839
        }
      ]
    },
    "js": {
      "count": 12,
      "total_size": 275368,
      "files": [
        {
          "name": "admin-i18n.js",
          "size": 7383
        },
        {
          "name": "advanced-settings-engine.js",
          "size": 23306
        },
        {
          "name": "cookie-consent.js",
          "size": 21473
        },
        {
          "name": "design-system.js",
          "size": 23739
        },
        {
          "name": "enhanced-ui.js",
          "size": 16765
        },
        {
          "name": "help-system.js",
          "size": 30560
        },
        {
          "name": "kiosk-enhanced.js",
          "size": 28046
        },
        {
          "name": "kiosk-rotation.js",
          "size": 22165
        },
        {
          "name": "live-preview-system.js",
          "size": 18408
        },
        {
          "name": "medical-icons.js",
          "size": 7742
        },
        {
          "name": "setup-wizard.js",
          "size": 50489
        },
        {
          "name": "validation-security-engine.js",
          "size": 25292
        }
      ]
    },
    "qr": {
      "count": 41,
      "total_size": 31369,
      "files": [
        {
          "name": "portal.png",
          "size": 822
        },
        {
          "name": "qr_1237.png",
          "size": 822
        },
        {
          "name": "qr_1466.png",
          "size": 535
        },
        {
          "name": "qr_1912.png",
          "size": 822
        },
        {
          "name": "qr_2289.png",
          "size": 535
        },
        {
          "name": "qr_2574.png",
          "size": 822
        },
        {
          "name": "qr_2700.png",
          "size": 822
        },
        {
          "name": "qr_2791.png",
          "size": 666
        },
        {
          "name": "qr_3017.png",
          "size": 672
        },
        {
          "name": "qr_3040.png",
          "size": 535
        },
        {
          "name": "qr_3199.png",
          "size": 822
        },
        {
          "name": "qr_3294.png",
          "size": 829
        },
        {
          "name": "qr_3400.png",
          "size": 535
        },
        {
          "name": "qr_3659.png",
          "size": 535
        },
        {
          "name": "qr_4040.png",
          "size": 535
        },
        {
          "name": "qr_4163.png",
          "size": 535
        },
        {
          "name": "qr_45.png",
          "size": 535
        },
        {
          "name": "qr_4661.png",
          "size": 535
        },
        {
          "name": "qr_4807.png",
          "size": 673
        },
        {
          "name": "qr_5026.png",
          "size": 822
        },
        {
          "name": "qr_5442.png",
          "size": 535
        },
        {
          "name": "qr_568.png",
          "size": 535
        },
        {
          "name": "qr_5848.png",
          "size": 535
        },
        {
          "name": "qr_5883.png",
          "size": 535
        },
        {
          "name": "qr_5902.png",
          "size": 535
        },
        {
          "name": "qr_6213.png",
          "size": 535
        },
        {
          "name": "qr_67.png",
          "size": 836
        },
        {
          "name": "qr_7026.png",
          "size": 822
        },
        {
          "name": "qr_7363.png",
          "size": 847
        },
        {
          "name": "qr_769.png",
          "size": 535
        },
        {
          "name": "qr_7706.png",
          "size": 824
        },
        {
          "name": "qr_7794.png",
          "size": 535
        },
        {
          "name": "qr_8296.png",
          "size": 535
        },
        {
          "name": "qr_8368.png",
          "size": 822
        },
        {
          "name": "qr_8445.png",
          "size": 677
        },
        {
          "name": "qr_8972.png",